marketing_spend_usd,rise_needed_gift_shop_1_usd,rise_needed_gift_shop_2.5_usd,rise_needed_gift_shop_5_usd,rise_needed_gift_shop_7.5_usd,rise_needed_gift_shop_10_usd,rise_needed_gift_shop_15_usd
1000,0.0222,0.0113,0.0062,0.0043,0.0033,0.0022
1500,0.0332,0.0169,0.0093,0.0064,0.0049,0.0033
2000,0.0442,0.0224,0.0123,0.0085,0.0065,0.0044
2500,0.0550,0.0280,0.0154,0.0106,0.0081,0.0055
3000,0.0658,0.0335,0.0184,0.0127,0.0097,0.0066
3500,0.0766,0.0389,0.0214,0.0147,0.0112,0.0076
4000,0.0873,0.0443,0.0244,0.0168,0.0128,0.0087
4500,0.0979,0.0497,0.0273,0.0188,0.0144,0.0098
5000,0.1085,0.0551,0.0303,0.0209,0.0159,0.0108
5500,0.1190,0.0605,0.0332,0.0229,0.0175,0.0119
6000,0.1295,0.0658,0.0361,0.0249,0.0190,0.0129
6500,0.1399,0.0711,0.0391,0.0269,0.0205,0.0139
7000,0.1503,0.0764,0.0420,0.0289,0.0221,0.0150
7500,0.1607,0.0816,0.0449,0.0309,0.0236,0.0160
8000,0.1710,0.0869,0.0477,0.0329,0.0251,0.0170
8500,0.1812,0.0921,0.0506,0.0349,0.0266,0.0181
9000,0.1915,0.0973,0.0535,0.0369,0.0281,0.0191
9500,0.2017,0.1025,0.0563,0.0388,0.0296,0.0201
10000,0.2119,0.1077,0.0592,0.0408,0.0311,0.0211
10500,0.2220,0.1128,0.0620,0.0427,0.0326,0.0221
11000,0.2321,0.1180,0.0648,0.0447,0.0341,0.0231
11500,0.2422,0.1231,0.0676,0.0466,0.0356,0.0241
12000,0.2523,0.1282,0.0704,0.0486,0.0371,0.0251
12500,0.2623,0.1333,0.0732,0.0505,0.0385,0.0261
13000,0.2724,0.1384,0.0760,0.0524,0.0400,0.0271
13500,0.2824,0.1435,0.0788,0.0543,0.0415,0.0281
14000,0.2923,0.1485,0.0816,0.0563,0.0429,0.0291
14500,0.3023,0.1536,0.0844,0.0582,0.0444,0.0301
15000,0.3122,0.1586,0.0872,0.0601,0.0459,0.0311
15500,0.3221,0.1637,0.0899,0.0620,0.0473,0.0321
16000,0.3320,0.1687,0.0927,0.0639,0.0488,0.0331
16500,0.3419,0.1737,0.0955,0.0658,0.0502,0.0341
17000,0.3518,0.1787,0.0982,0.0677,0.0517,0.0351
17500,0.3616,0.1838,0.1010,0.0696,0.0531,0.0360
18000,0.3715,0.1887,0.1037,0.0715,0.0546,0.0370
18500,0.3813,0.1937,0.1065,0.0734,0.0560,0.0380
19000,0.3911,0.1987,0.1092,0.0753,0.0574,0.0390
19500,0.4009,0.2037,0.1119,0.0772,0.0589,0.0399
20000,0.4107,0.2087,0.1147,0.0791,0.0603,0.0409
