avg_payment_usd,rise_needed_marketing_5000_usd,rise_needed_marketing_10000_usd,rise_needed_marketing_15000_usd,rise_needed_marketing_20000_usd
0.00,0.0964,0.1671,0.2221,0.2676
0.25,0.0914,0.1588,0.2118,0.2559
0.50,0.0864,0.1508,0.2017,0.2445
0.75,0.0816,0.1429,0.1918,0.2333
1.00,0.0768,0.1351,0.1821,0.2223
1.25,0.0722,0.1275,0.1726,0.2115
1.50,0.0676,0.1201,0.1633,0.2010
1.75,0.0631,0.1128,0.1542,0.1906
2.00,0.0588,0.1056,0.1452,0.1805
2.25,0.0544,0.0986,0.1364,0.1705
2.50,0.0502,0.0917,0.1278,0.1608
2.75,0.0461,0.0849,0.1194,0.1512
3.00,0.0420,0.0783,0.1111,0.1418
3.25,0.0380,0.0718,0.1029,0.1325
3.50,0.0341,0.0654,0.0949,0.1235
3.75,0.0302,0.0591,0.0871,0.1146
4.00,0.0265,0.0529,0.0794,0.1058
4.25,0.0227,0.0468,0.0718,0.0972
4.50,0.0191,0.0409,0.0643,0.0888
4.75,0.0155,0.0350,0.0570,0.0805
5.00,0.0120,0.0293,0.0498,0.0724
5.25,0.0085,0.0236,0.0428,0.0643
5.50,0.0051,0.0181,0.0358,0.0565
5.75,0.0018,0.0126,0.0290,0.0487
6.00,-0.0015,0.0072,0.0223,0.0411
6.25,-0.0048,0.0020,0.0157,0.0336
6.50,-0.0080,-0.0032,0.0092,0.0263
6.75,-0.0111,-0.0084,0.0028,0.0190
7.00,-0.0142,-0.0134,-0.0035,0.0119
7.25,-0.0172,-0.0183,-0.0097,0.0049
7.50,-0.0202,-0.0232,-0.0158,-0.0020
7.75,-0.0231,-0.0280,-0.0218,-0.0088
8.00,-0.0260,-0.0327,-0.0277,-0.0155
8.25,-0.0289,-0.0374,-0.0335,-0.0221
8.50,-0.0317,-0.0419,-0.0392,-0.0286
8.75,-0.0345,-0.0464,-0.0448,-0.0349
9.00,-0.0372,-0.0509,-0.0504,-0.0412
9.25,-0.0398,-0.0553,-0.0558,-0.0474
9.50,-0.0425,-0.0596,-0.0612,-0.0535
9.75,-0.0451,-0.0638,-0.0665,-0.0595
10.00,-0.0476,-0.0680,-0.0717,-0.0654
